{
  "resourceType": "ValueSet",
  "id": "33683",
  "meta": {
    "lastUpdated": "2021-05-06T22:43:29.228-04:00"
  },
  "url": "http://cts.nlm.nih.gov/fhir/ValueSet/2.16.840.1.113883.3.464.1003.198.12.1133",
  "identifier": [
    {
      "value": "2.16.840.1.113883.3.464.1003.198.12.1133"
    }
  ],
  "version": "eCQM Update 2021-05-06",
  "name": "Unilateral_Mastectomy_Left_eCQM",
  "title": "Unilateral Mastectomy Left eCQM",
  "status": "active",
  "expansion": {
    "timestamp": "2021-05-07T20:58:15-04:00",
    "total": 8,
    "offset": 0,
    "contains": [
      {
        "system": "http://snomed.info/sct",
        "version": "2020.09.20AA",
        "code": "428571003",
        "display": "Mastectomy of left breast"
      },
      {
        "system": "http://snomed.info/sct",
        "version": "2020.09.20AA",
        "code": "726437009",
        "display": "Modified radical mastectomy of left breast"
      },
      {
        "system": "http://snomed.info/sct",
        "version": "2020.09.20AA",
        "code": "451211000124109",
        "display": "Prophylactic mastectomy of left breast"
      },
      {
        "system": "http://snomed.info/sct",
        "version": "2020.09.20AA",
        "code": "726429001",
        "display": "Radical mastectomy of left breast"
      },
      {
        "system": "http://snomed.info/sct",
        "version": "2020.09.20AA",
        "code": "741009001",
        "display": "Simple mastectomy of left breast"
      },
      {
        "system": "http://snomed.info/sct",
        "version": "2020.09.20AA",
        "code": "726435001",
        "display": "Subcutaneous mastectomy of left breast"
      },
      {
        "system": "http://snomed.info/sct",
        "version": "2020.09.20AA",
        "code": "741018004",
        "display": "Subcutaneous mastectomy of left breast with prosthetic implant"
      },
      {
        "system": "https://www.cms.gov/Medicare/Coding/ICD10/index.html",
        "version": "2021.1.20AA",
        "code": "0HTU0ZZ",
        "display": "Resection of Left Breast, Open Approach"
      }
    ]
  }
}