{
  "resourceType": "ValueSet",
  "id": "33672",
  "meta": {
    "lastUpdated": "2021-05-06T23:01:06.955-04:00"
  },
  "url": "http://cts.nlm.nih.gov/fhir/ValueSet/2.16.840.1.113883.3.464.1003.101.12.1089",
  "identifier": [
    {
      "value": "2.16.840.1.113883.3.464.1003.101.12.1089"
    }
  ],
  "version": "eCQM Update 2021-05-06",
  "name": "Online_Assessments_eCQM",
  "title": "Online Assessments eCQM",
  "status": "active",
  "expansion": {
    "timestamp": "2021-05-07T20:58:11-04:00",
    "total": 14,
    "offset": 0,
    "contains": [
      {
        "system": "https://www.cms.gov/Medicare/Coding/MedHCPCSGenInfo/index.html",
        "version": "2021.1.20AB",
        "code": "G2012",
        "display": "Brief communication technology-based service, e.g. virtual check-in, by a physician or other qualified health care professional who can report evaluation and management services, provided to an established patient, not originating from a related e/m service provided within the previous 7 days nor leading to an e/m service or procedure within the next 24 hours or soonest available appointment; 5-10 minutes of medical discussion"
      },
      {
        "system": "http://www.ama-assn.org/go/cpt",
        "inactive": true,
        "version": "2021.2.20AB",
        "code": "98969",
        "display": "Online assessment and management service provided by a qualified nonphysician health care professional to an established patient or guardian, not originating from a related assessment and management service provided within the previous 7 days, using the Internet or similar electronic communications network"
      },
      {
        "system": "http://www.ama-assn.org/go/cpt",
        "version": "2021.2.20AB",
        "code": "99422",
        "display": "Online digital evaluation and management service, for an established patient, for up to 7 days, cumulative time during the 7 days; 11-20 minutes"
      },
      {
        "system": "http://www.ama-assn.org/go/cpt",
        "version": "2021.2.20AB",
        "code": "99423",
        "display": "Online digital evaluation and management service, for an established patient, for up to 7 days, cumulative time during the 7 days; 21 or more minutes"
      },
      {
        "system": "http://www.ama-assn.org/go/cpt",
        "version": "2021.2.20AB",
        "code": "99421",
        "display": "Online digital evaluation and management service, for an established patient, for up to 7 days, cumulative time during the 7 days; 5-10 minutes"
      },
      {
        "system": "https://www.cms.gov/Medicare/Coding/MedHCPCSGenInfo/index.html",
        "version": "2021.1.20AB",
        "code": "G0071",
        "display": "Payment for communication technology-based services for 5 minutes or more of a virtual (non-face-to-face) communication between an rural health clinic (rhc) or federally qualified health center (fqhc) practitioner and rhc or fqhc patient, or 5 minutes or more of remote evaluation of recorded video and/or images by an rhc or fqhc practitioner, occurring in lieu of an office visit; rhc or fqhc only"
      },
      {
        "system": "http://www.ama-assn.org/go/cpt",
        "version": "2021.2.20AB",
        "code": "98971",
        "display": "Qualified nonphysician health care professional online digital assessment and management, for an established patient, for up to 7 days, cumulative time during the 7 days; 11-20 minutes"
      },
      {
        "system": "http://www.ama-assn.org/go/cpt",
        "version": "2021.2.20AB",
        "code": "98972",
        "display": "Qualified nonphysician health care professional online digital assessment and management, for an established patient, for up to 7 days, cumulative time during the 7 days; 21 or more minutes"
      },
      {
        "system": "http://www.ama-assn.org/go/cpt",
        "version": "2021.2.20AB",
        "code": "98970",
        "display": "Qualified nonphysician health care professional online digital assessment and management, for an established patient, for up to 7 days, cumulative time during the 7 days; 5-10 minutes"
      },
      {
        "system": "https://www.cms.gov/Medicare/Coding/MedHCPCSGenInfo/index.html",
        "inactive": true,
        "version": "2021.1.20AB",
        "code": "G2062",
        "display": "Qualified nonphysician healthcare professional online assessment and management service, for an established patient, for up to seven days, cumulative time during the 7 days; 11-20 minutes (G2062)"
      },
      {
        "system": "https://www.cms.gov/Medicare/Coding/MedHCPCSGenInfo/index.html",
        "inactive": true,
        "version": "2021.1.20AB",
        "code": "G2063",
        "display": "Qualified nonphysician healthcare professional online assessment and management service, for an established patient, for up to seven days, cumulative time during the 7 days; 21 or more minutes (G2063)"
      },
      {
        "system": "https://www.cms.gov/Medicare/Coding/MedHCPCSGenInfo/index.html",
        "inactive": true,
        "version": "2021.1.20AB",
        "code": "G2061",
        "display": "Qualified nonphysician healthcare professional online assessment and management service, for an established patient, for up to seven days, cumulative time during the 7 days; 5-10 minutes (G2061)"
      },
      {
        "system": "https://www.cms.gov/Medicare/Coding/MedHCPCSGenInfo/index.html",
        "version": "2021.1.20AB",
        "code": "G2010",
        "display": "Remote evaluation of recorded video and/or images submitted by an established patient (e.g., store and forward), including interpretation with follow-up with the patient within 24 business hours, not originating from a related e/m service provided within the previous 7 days nor leading to an e/m service or procedure within the next 24 hours or soonest available appointment"
      },
      {
        "system": "http://www.ama-assn.org/go/cpt",
        "version": "2021.2.20AB",
        "code": "99458",
        "display": "Remote physiologic monitoring treatment management services, clinical staff/physician/other qualified health care professional time in a calendar month requiring interactive communication with the patient/caregiver during the month; each additional 20 minutes (List separately in addition to code for primary procedure)"
      }
    ]
  }
}