{
  "resourceType": "ValueSet",
  "id": "33668",
  "meta": {
    "lastUpdated": "2021-05-06T22:18:58.979-04:00"
  },
  "url": "http://cts.nlm.nih.gov/fhir/ValueSet/2.16.840.1.113883.3.464.1003.101.12.1012",
  "identifier": [
    {
      "value": "2.16.840.1.113883.3.464.1003.101.12.1012"
    }
  ],
  "version": "eCQM Update 2021-05-06",
  "name": "Nursing_Facility_Visit_eCQM",
  "title": "Nursing Facility Visit eCQM",
  "status": "active",
  "expansion": {
    "timestamp": "2021-05-07T20:56:09-04:00",
    "total": 12,
    "offset": 0,
    "contains": [
      {
        "system": "http://www.ama-assn.org/go/cpt",
        "version": "2021.2.20AB",
        "code": "99318",
        "display": "Evaluation and management of a patient involving an annual nursing facility assessment, which requires these 3 key components: A detailed interval history; A comprehensive examination; and Medical decision making that is of low to moderate complexity. Counseling and/or coordination of care with other physicians, other qualified health care professionals, or agencies are provided consistent with the nature of the problem(s) and the patient's and/or family's needs. Usually, the patient is stable, recovering, or improving. Typically, 30 minutes are spent at the bedside and on the patient's facility floor or unit."
      },
      {
        "system": "http://snomed.info/sct",
        "version": "2020.09.20AA",
        "code": "207195004",
        "display": "History and physical examination with evaluation and management of nursing facility patient"
      },
      {
        "system": "http://www.ama-assn.org/go/cpt",
        "version": "2021.2.20AB",
        "code": "99306",
        "display": "Initial nursing facility care, per day, for the evaluation and management of a patient, which requires these 3 key components: A comprehensive history; A comprehensive examination; and Medical decision making of high complexity. Counseling and/or coordination of care with other physicians, other qualified health care professionals, or agencies are provided consistent with the nature of the problem(s) and the patient's and/or family's needs. Usually, the problem(s) requiring admission are of high severity. Typically, 45 minutes are spent at the bedside and on the patient's facility floor or unit."
      },
      {
        "system": "http://www.ama-assn.org/go/cpt",
        "version": "2021.2.20AB",
        "code": "99305",
        "display": "Initial nursing facility care, per day, for the evaluation and management of a patient, which requires these 3 key components: A comprehensive history; A comprehensive examination; and Medical decision making of moderate complexity. Counseling and/or coordination of care with other physicians, other qualified health care professionals, or agencies are provided consistent with the nature of the problem(s) and the patient's and/or family's needs. Usually, the problem(s) requiring admission are of moderate severity. Typically, 35 minutes are spent at the bedside and on the patient's facility floor or unit."
      },
      {
        "system": "http://www.ama-assn.org/go/cpt",
        "version": "2021.2.20AB",
        "code": "99304",
        "display": "Initial nursing facility care, per day, for the evaluation and management of a patient, which requires these 3 key components: A detailed or comprehensive history; A detailed or comprehensive examination; and Medical decision making that is straightforward or of low complexity. Counseling and/or coordination of care with other physicians, other qualified health care professionals, or agencies are provided consistent with the nature of the problem(s) and the patient's and/or family's needs. Usually, the problem(s) requiring admission are of low severity. Typically, 25 minutes are spent at the bedside and on the patient's facility floor or unit."
      },
      {
        "system": "http://www.ama-assn.org/go/cpt",
        "version": "2021.2.20AB",
        "code": "99315",
        "display": "Nursing facility discharge day management; 30 minutes or less"
      },
      {
        "system": "http://www.ama-assn.org/go/cpt",
        "version": "2021.2.20AB",
        "code": "99316",
        "display": "Nursing facility discharge day management; more than 30 minutes"
      },
      {
        "system": "http://www.ama-assn.org/go/cpt",
        "version": "2021.2.20AB",
        "code": "99310",
        "display": "Subsequent nursing facility care, per day, for the evaluation and management of a patient, which requires at least 2 of these 3 key components: A comprehensive interval history; A comprehensive examination; Medical decision making of high complexity. Counseling and/or coordination of care with other physicians, other qualified health care professionals, or agencies are provided consistent with the nature of the problem(s) and the patient's and/or family's needs. The patient may be unstable or may have developed a significant new problem requiring immediate physician attention. Typically, 35 minutes are spent at the bedside and on the patient's facility floor or unit."
      },
      {
        "system": "http://www.ama-assn.org/go/cpt",
        "version": "2021.2.20AB",
        "code": "99309",
        "display": "Subsequent nursing facility care, per day, for the evaluation and management of a patient, which requires at least 2 of these 3 key components: A detailed interval history; A detailed examination; Medical decision making of moderate complexity. Counseling and/or coordination of care with other physicians, other qualified health care professionals, or agencies are provided consistent with the nature of the problem(s) and the patient's and/or family's needs. Usually, the patient has developed a significant complication or a significant new problem. Typically, 25 minutes are spent at the bedside and on the patient's facility floor or unit."
      },
      {
        "system": "http://www.ama-assn.org/go/cpt",
        "version": "2021.2.20AB",
        "code": "99307",
        "display": "Subsequent nursing facility care, per day, for the evaluation and management of a patient, which requires at least 2 of these 3 key components: A problem focused interval history; A problem focused examination; Straightforward medical decision making. Counseling and/or coordination of care with other physicians, other qualified health care professionals, or agencies are provided consistent with the nature of the problem(s) and the patient's and/or family's needs. Usually, the patient is stable, recovering, or improving. Typically, 10 minutes are spent at the bedside and on the patient's facility floor or unit."
      },
      {
        "system": "http://www.ama-assn.org/go/cpt",
        "version": "2021.2.20AB",
        "code": "99308",
        "display": "Subsequent nursing facility care, per day, for the evaluation and management of a patient, which requires at least 2 of these 3 key components: An expanded problem focused interval history; An expanded problem focused examination; Medical decision making of low complexity. Counseling and/or coordination of care with other physicians, other qualified health care professionals, or agencies are provided consistent with the nature of the problem(s) and the patient's and/or family's needs. Usually, the patient is responding inadequately to therapy or has developed a minor complication. Typically, 15 minutes are spent at the bedside and on the patient's facility floor or unit."
      },
      {
        "system": "http://snomed.info/sct",
        "version": "2020.09.20AA",
        "code": "18170008",
        "display": "Subsequent nursing facility visit"
      }
    ]
  }
}