{
  "resourceType": "ValueSet",
  "id": "33452",
  "meta": {
    "lastUpdated": "2021-05-05T17:40:07.366-04:00"
  },
  "url": "https://www.ncqa.org/fhir/valueset/2.16.840.1.113883.3.464.1004.1450",
  "identifier": [
    {
      "value": "2.16.840.1.113883.3.464.1004.1450"
    }
  ],
  "version": "2021-03-31",
  "name": "Palliative_Care_Encounter",
  "title": "Palliative Care Encounter",
  "status": "active",
  "expansion": {
    "timestamp": "2021-05-07T20:58:08-04:00",
    "total": 10,
    "offset": 0,
    "contains": [
      {
        "system": "http://snomed.info/sct",
        "version": "2020.09.20AA",
        "code": "305284002",
        "display": "Admission by palliative care physician"
      },
      {
        "system": "http://snomed.info/sct",
        "version": "2020.09.20AA",
        "code": "305381007",
        "display": "Admission to palliative care department"
      },
      {
        "system": "http://snomed.info/sct",
        "version": "2020.09.20AA",
        "code": "713281006",
        "display": "Consultation for palliative care"
      },
      {
        "system": "https://www.cms.gov/Medicare/Coding/MedHCPCSGenInfo/index.html",
        "version": "2021.1.20AB",
        "code": "G9054",
        "display": "Oncology; primary focus of visit; supervising, coordinating or managing care of patient with terminal cancer or for whom other medical illness prevents further cancer treatment; includes symptom management, end-of-life care planning, management of palliative therapies (for use in a medicare-approved demonstration project)"
      },
      {
        "system": "http://snomed.info/sct",
        "version": "2020.09.20AA",
        "code": "4901000124101",
        "display": "Palliative care education"
      },
      {
        "system": "https://www.cms.gov/Medicare/Coding/MedHCPCSGenInfo/index.html",
        "version": "2021.1.20AB",
        "code": "M1017",
        "display": "Patient admitted to palliative care services"
      },
      {
        "system": "http://snomed.info/sct",
        "version": "2020.09.20AA",
        "code": "305824005",
        "display": "Seen by palliative care medicine service"
      },
      {
        "system": "http://snomed.info/sct",
        "version": "2020.09.20AA",
        "code": "305686008",
        "display": "Seen by palliative care physician"
      },
      {
        "system": "http://snomed.info/sct",
        "version": "2020.09.20AA",
        "code": "441874000",
        "display": "Seen by palliative care service"
      },
      {
        "system": "http://hl7.org/fhir/sid/icd-10-cm",
        "version": "2021.2.20AB",
        "code": "Z51.5",
        "display": "Encounter for palliative care"
      }
    ]
  }
}