{
  "resourceType": "ValueSet",
  "id": "33657",
  "meta": {
    "lastUpdated": "2021-05-06T22:01:59.811-04:00"
  },
  "url": "http://cts.nlm.nih.gov/fhir/ValueSet/2.16.840.1.114222.4.11.837",
  "identifier": [
    {
      "value": "2.16.840.1.114222.4.11.837"
    }
  ],
  "version": "eCQM Update 2021-05-06",
  "name": "Ethnicity_eCQM",
  "title": "Ethnicity eCQM",
  "status": "active",
  "expansion": {
    "timestamp": "2021-05-07T20:58:09-04:00",
    "total": 2,
    "offset": 0,
    "contains": [
      {
        "version": "1.1",
        "code": "2135-2",
        "display": "Hispanic or Latino"
      },
      {
        "version": "1.1",
        "code": "2186-5",
        "display": "Not Hispanic or Latino"
      }
    ]
  }
}