{
  "resourceType": "ValueSet",
  "id": "33687",
  "meta": {
    "lastUpdated": "2021-05-07T16:52:08.172-04:00"
  },
  "url": "http://cts.nlm.nih.gov/fhir/ValueSet/2.16.840.1.113883.3.464.1003.122.12.1036",
  "identifier": [
    {
      "value": "2.16.840.1.113883.3.464.1003.122.12.1036"
    }
  ],
  "version": "eCQM Update 2021-05-06",
  "name": "Left_eCQM",
  "title": "Left eCQM",
  "status": "active",
  "expansion": {
    "timestamp": "2021-05-07T20:58:10-04:00",
    "total": 1,
    "offset": 0,
    "contains": [
      {
        "system": "http://snomed.info/sct",
        "version": "2020.09.20AA",
        "code": "7771000",
        "display": "Left"
      }
    ]
  }
}