{
  "resourceType": "ValueSet",
  "id": "33660",
  "meta": {
    "lastUpdated": "2021-05-06T23:05:48.047-04:00"
  },
  "url": "http://cts.nlm.nih.gov/fhir/ValueSet/2.16.840.1.113883.3.464.1003.113.12.1074",
  "identifier": [
    {
      "value": "2.16.840.1.113883.3.464.1003.113.12.1074"
    }
  ],
  "version": "eCQM Update 2021-05-06",
  "name": "Frailty_Diagnosis_eCQM",
  "title": "Frailty Diagnosis eCQM",
  "status": "active",
  "expansion": {
    "timestamp": "2021-05-07T20:55:58-04:00",
    "total": 344,
    "offset": 0,
    "contains": [
      {
        "system": "http://snomed.info/sct",
        "version": "2020.09.20AA",
        "code": "217082002",
        "display": "Accidental fall"
      },
      {
        "system": "http://snomed.info/sct",
        "version": "2020.09.20AA",
        "code": "129588001",
        "display": "Adult failure to thrive syndrome"
      },
      {
        "system": "http://snomed.info/sct",
        "version": "2020.09.20AA",
        "code": "52702003",
        "display": "Chronic fatigue syndrome"
      },
      {
        "system": "http://snomed.info/sct",
        "inactive": true,
        "version": "2020.09.20AA",
        "code": "414188008",
        "display": "Fall down stairs"
      },
      {
        "system": "http://snomed.info/sct",
        "version": "2020.09.20AA",
        "code": "242109009",
        "display": "Fall down stairs of motor bus while boarding or alighting"
      },
      {
        "system": "http://snomed.info/sct",
        "inactive": true,
        "version": "2020.09.20AA",
        "code": "414189000",
        "display": "Fall down steps"
      },
      {
        "system": "http://snomed.info/sct",
        "version": "2020.09.20AA",
        "code": "242391006",
        "display": "Fall due to discarded object"
      },
      {
        "system": "http://snomed.info/sct",
        "version": "2020.09.20AA",
        "code": "242390007",
        "display": "Fall due to polished surface"
      },
      {
        "system": "http://snomed.info/sct",
        "version": "2020.09.20AA",
        "code": "242395002",
        "display": "Fall due to trip on loose carpet"
      },
      {
        "system": "http://snomed.info/sct",
        "version": "2020.09.20AA",
        "code": "242396001",
        "display": "Fall due to uneven surface indoors"
      },
      {
        "system": "http://snomed.info/sct",
        "version": "2020.09.20AA",
        "code": "242389003",
        "display": "Fall due to wet surface"
      },
      {
        "system": "http://snomed.info/sct",
        "version": "2020.09.20AA",
        "code": "20902002",
        "display": "Fall from bed"
      },
      {
        "system": "http://snomed.info/sct",
        "version": "2020.09.20AA",
        "code": "74541001",
        "display": "Fall from bench"
      },
      {
        "system": "http://snomed.info/sct",
        "version": "2020.09.20AA",
        "code": "217173005",
        "display": "Fall from bump against object"
      },
      {
        "system": "http://snomed.info/sct",
        "version": "2020.09.20AA",
        "code": "83468000",
        "display": "Fall from chair"
      },
      {
        "system": "http://snomed.info/sct",
        "version": "2020.09.20AA",
        "code": "217142006",
        "display": "Fall from chair or bed"
      },
      {
        "system": "http://snomed.info/sct",
        "version": "2020.09.20AA",
        "code": "217086004",
        "display": "Fall from escalator"
      },
      {
        "system": "http://snomed.info/sct",
        "version": "2020.09.20AA",
        "code": "242413007",
        "display": "Fall from furniture"
      },
      {
        "system": "http://snomed.info/sct",
        "version": "2020.09.20AA",
        "code": "217090002",
        "display": "Fall from stairs"
      },
      {
        "system": "http://snomed.info/sct",
        "version": "2020.09.20AA",
        "code": "217094006",
        "display": "Fall from steps"
      },
      {
        "system": "http://snomed.info/sct",
        "version": "2020.09.20AA",
        "code": "242414001",
        "display": "Fall from stool"
      },
      {
        "system": "http://snomed.info/sct",
        "version": "2020.09.20AA",
        "code": "56307009",
        "display": "Fall from table"
      },
      {
        "system": "http://snomed.info/sct",
        "version": "2020.09.20AA",
        "code": "242419006",
        "display": "Fall from toilet seat"
      },
      {
        "system": "http://snomed.info/sct",
        "version": "2020.09.20AA",
        "code": "17886000",
        "display": "Fall from wheelchair"
      },
      {
        "system": "http://snomed.info/sct",
        "version": "2020.09.20AA",
        "code": "242392004",
        "display": "Fall in bath or shower"
      },
      {
        "system": "http://snomed.info/sct",
        "version": "2020.09.20AA",
        "code": "90619006",
        "display": "Fall in bathtub"
      },
      {
        "system": "http://snomed.info/sct",
        "version": "2020.09.20AA",
        "code": "40104005",
        "display": "Fall in home"
      },
      {
        "system": "http://snomed.info/sct",
        "version": "2020.09.20AA",
        "code": "44188002",
        "display": "Fall in shower"
      },
      {
        "system": "http://snomed.info/sct",
        "version": "2020.09.20AA",
        "code": "429621003",
        "display": "Fall on concrete"
      },
      {
        "system": "http://snomed.info/sct",
        "version": "2020.09.20AA",
        "code": "67223001",
        "display": "Fall on escalator"
      },
      {
        "system": "http://snomed.info/sct",
        "version": "2020.09.20AA",
        "code": "427849003",
        "display": "Fall on hard surface"
      },
      {
        "system": "http://snomed.info/sct",
        "version": "2020.09.20AA",
        "code": "217158009",
        "display": "Fall on moving sidewalk"
      },
      {
        "system": "http://snomed.info/sct",
        "version": "2020.09.20AA",
        "code": "217084001",
        "display": "Fall on or from escalator"
      },
      {
        "system": "http://snomed.info/sct",
        "version": "2020.09.20AA",
        "code": "217088003",
        "display": "Fall on or from stairs"
      },
      {
        "system": "http://snomed.info/sct",
        "version": "2020.09.20AA",
        "code": "217083007",
        "display": "Fall on or from stairs or steps"
      },
      {
        "system": "http://snomed.info/sct",
        "version": "2020.09.20AA",
        "code": "217092005",
        "display": "Fall on or from steps"
      },
      {
        "system": "http://snomed.info/sct",
        "version": "2020.09.20AA",
        "code": "33036003",
        "display": "Fall on same level"
      },
      {
        "system": "http://snomed.info/sct",
        "version": "2020.09.20AA",
        "code": "274918000",
        "display": "Fall on same level due to nature of surface"
      },
      {
        "system": "http://snomed.info/sct",
        "version": "2020.09.20AA",
        "code": "269699007",
        "display": "Fall on same level from impact against object"
      },
      {
        "system": "http://snomed.info/sct",
        "version": "2020.09.20AA",
        "code": "217155007",
        "display": "Fall on same level from slipping"
      },
      {
        "system": "http://snomed.info/sct",
        "version": "2020.09.20AA",
        "code": "217154006",
        "display": "Fall on same level from slipping, tripping or stumbling"
      },
      {
        "system": "http://snomed.info/sct",
        "version": "2020.09.20AA",
        "code": "217157004",
        "display": "Fall on same level from stumbling"
      },
      {
        "system": "http://snomed.info/sct",
        "version": "2020.09.20AA",
        "code": "217156008",
        "display": "Fall on same level from tripping"
      },
      {
        "system": "http://snomed.info/sct",
        "version": "2020.09.20AA",
        "code": "414190009",
        "display": "Fall on stairs"
      },
      {
        "system": "http://snomed.info/sct",
        "version": "2020.09.20AA",
        "code": "217093000",
        "display": "Fall on steps"
      },
      {
        "system": "http://snomed.info/sct",
        "inactive": true,
        "version": "2020.09.20AA",
        "code": "16728003",
        "display": "Inherited spastic paresis"
      },
      {
        "system": "http://snomed.info/sct",
        "version": "2020.09.20AA",
        "code": "459821000124104",
        "display": "McArdle's sign"
      },
      {
        "system": "http://snomed.info/sct",
        "version": "2020.09.20AA",
        "code": "823018004",
        "display": "Muscle paresis due to and following neuromuscular blockade"
      },
      {
        "system": "http://snomed.info/sct",
        "version": "2020.09.20AA",
        "code": "214436006",
        "display": "Noncollision motor vehicle traffic accident involving fall down stairs of motor bus while boarding or alighting"
      },
      {
        "system": "http://snomed.info/sct",
        "version": "2020.09.20AA",
        "code": "214437002",
        "display": "Noncollision motor vehicle traffic accident involving fall down stairs of motor bus while boarding or alighting, driver of motor vehicle injured"
      },
      {
        "system": "http://snomed.info/sct",
        "version": "2020.09.20AA",
        "code": "214439004",
        "display": "Noncollision motor vehicle traffic accident involving fall down stairs of motor bus while boarding or alighting, motor cyclist injured"
      },
      {
        "system": "http://snomed.info/sct",
        "version": "2020.09.20AA",
        "code": "214441003",
        "display": "Noncollision motor vehicle traffic accident involving fall down stairs of motor bus while boarding or alighting, occupant of tram injured"
      },
      {
        "system": "http://snomed.info/sct",
        "version": "2020.09.20AA",
        "code": "214438007",
        "display": "Noncollision motor vehicle traffic accident involving fall down stairs of motor bus while boarding or alighting, passenger of motor vehicle injured"
      },
      {
        "system": "http://snomed.info/sct",
        "version": "2020.09.20AA",
        "code": "214443000",
        "display": "Noncollision motor vehicle traffic accident involving fall down stairs of motor bus while boarding or alighting, pedal cyclist injured"
      },
      {
        "system": "http://snomed.info/sct",
        "version": "2020.09.20AA",
        "code": "214444006",
        "display": "Noncollision motor vehicle traffic accident involving fall down stairs of motor bus while boarding or alighting, pedestrian injured"
      },
      {
        "system": "http://snomed.info/sct",
        "version": "2020.09.20AA",
        "code": "214442005",
        "display": "Noncollision motor vehicle traffic accident involving fall down stairs of motor bus while boarding or alighting, rider of animal or occupant of animal-drawn vehicle injured"
      },
      {
        "system": "http://snomed.info/sct",
        "version": "2020.09.20AA",
        "code": "763829004",
        "display": "Oculopharyngodistal myopathy"
      },
      {
        "system": "http://snomed.info/sct",
        "version": "2020.09.20AA",
        "code": "162845004",
        "display": "O/E - failure to thrive"
      },
      {
        "system": "http://snomed.info/sct",
        "version": "2020.09.20AA",
        "code": "428484005",
        "display": "Organic failure to thrive"
      },
      {
        "system": "http://snomed.info/sct",
        "version": "2020.09.20AA",
        "code": "138371000119104",
        "display": "Paresis as late effect of poliomyelitis"
      },
      {
        "system": "http://snomed.info/sct",
        "version": "2020.09.20AA",
        "code": "225558004",
        "display": "Pressure ulcer of back"
      },
      {
        "system": "http://snomed.info/sct",
        "version": "2020.09.20AA",
        "code": "225563000",
        "display": "Pressure ulcer of buttock"
      },
      {
        "system": "http://snomed.info/sct",
        "version": "2020.09.20AA",
        "code": "10637031000119106",
        "display": "Pressure ulcer of buttock stage 1"
      },
      {
        "system": "http://snomed.info/sct",
        "version": "2020.09.20AA",
        "code": "10637071000119109",
        "display": "Pressure ulcer of buttock stage 2"
      },
      {
        "system": "http://snomed.info/sct",
        "version": "2020.09.20AA",
        "code": "10637111000119102",
        "display": "Pressure ulcer of buttock stage 3"
      },
      {
        "system": "http://snomed.info/sct",
        "version": "2020.09.20AA",
        "code": "10637151000119101",
        "display": "Pressure ulcer of buttock stage 4"
      },
      {
        "system": "http://snomed.info/sct",
        "version": "2020.09.20AA",
        "code": "699216009",
        "display": "Pressure ulcer of coccygeal region"
      },
      {
        "system": "http://snomed.info/sct",
        "version": "2020.09.20AA",
        "code": "699214007",
        "display": "Pressure ulcer of hip"
      },
      {
        "system": "http://snomed.info/sct",
        "version": "2020.09.20AA",
        "code": "699215008",
        "display": "Pressure ulcer of lower back"
      },
      {
        "system": "http://snomed.info/sct",
        "version": "2020.09.20AA",
        "code": "225562005",
        "display": "Pressure ulcer of sacral region"
      },
      {
        "system": "http://snomed.info/sct",
        "version": "2020.09.20AA",
        "code": "8960001000004106",
        "display": "Pressure ulcer of skin of right ischial tuberosity region"
      },
      {
        "system": "http://snomed.info/sct",
        "version": "2020.09.20AA",
        "code": "699218005",
        "display": "Pressure ulcer of upper back"
      },
      {
        "system": "http://snomed.info/sct",
        "version": "2020.09.20AA",
        "code": "715504003",
        "display": "Spastic paraparesis and deafness"
      },
      {
        "system": "http://snomed.info/sct",
        "version": "2020.09.20AA",
        "code": "92341000119107",
        "display": "Weakness of extremities as sequela of stroke"
      },
      {
        "system": "http://hl7.org/fhir/sid/icd-10-cm",
        "version": "2021.2.20AB",
        "code": "L89.001",
        "display": "Pressure ulcer of unspecified elbow, stage 1"
      },
      {
        "system": "http://hl7.org/fhir/sid/icd-10-cm",
        "version": "2021.2.20AB",
        "code": "L89.002",
        "display": "Pressure ulcer of unspecified elbow, stage 2"
      },
      {
        "system": "http://hl7.org/fhir/sid/icd-10-cm",
        "version": "2021.2.20AB",
        "code": "L89.003",
        "display": "Pressure ulcer of unspecified elbow, stage 3"
      },
      {
        "system": "http://hl7.org/fhir/sid/icd-10-cm",
        "version": "2021.2.20AB",
        "code": "L89.004",
        "display": "Pressure ulcer of unspecified elbow, stage 4"
      },
      {
        "system": "http://hl7.org/fhir/sid/icd-10-cm",
        "version": "2021.2.20AB",
        "code": "L89.006",
        "display": "Pressure-induced deep tissue damage of unspecified elbow"
      },
      {
        "system": "http://hl7.org/fhir/sid/icd-10-cm",
        "version": "2021.2.20AB",
        "code": "L89.009",
        "display": "Pressure ulcer of unspecified elbow, unspecified stage"
      },
      {
        "system": "http://hl7.org/fhir/sid/icd-10-cm",
        "version": "2021.2.20AB",
        "code": "L89.010",
        "display": "Pressure ulcer of right elbow, unstageable"
      },
      {
        "system": "http://hl7.org/fhir/sid/icd-10-cm",
        "version": "2021.2.20AB",
        "code": "L89.011",
        "display": "Pressure ulcer of right elbow, stage 1"
      },
      {
        "system": "http://hl7.org/fhir/sid/icd-10-cm",
        "version": "2021.2.20AB",
        "code": "L89.012",
        "display": "Pressure ulcer of right elbow, stage 2"
      },
      {
        "system": "http://hl7.org/fhir/sid/icd-10-cm",
        "version": "2021.2.20AB",
        "code": "L89.013",
        "display": "Pressure ulcer of right elbow, stage 3"
      },
      {
        "system": "http://hl7.org/fhir/sid/icd-10-cm",
        "version": "2021.2.20AB",
        "code": "L89.014",
        "display": "Pressure ulcer of right elbow, stage 4"
      },
      {
        "system": "http://hl7.org/fhir/sid/icd-10-cm",
        "version": "2021.2.20AB",
        "code": "L89.016",
        "display": "Pressure-induced deep tissue damage of right elbow"
      },
      {
        "system": "http://hl7.org/fhir/sid/icd-10-cm",
        "version": "2021.2.20AB",
        "code": "L89.019",
        "display": "Pressure ulcer of right elbow, unspecified stage"
      },
      {
        "system": "http://hl7.org/fhir/sid/icd-10-cm",
        "version": "2021.2.20AB",
        "code": "L89.020",
        "display": "Pressure ulcer of left elbow, unstageable"
      },
      {
        "system": "http://hl7.org/fhir/sid/icd-10-cm",
        "version": "2021.2.20AB",
        "code": "L89.021",
        "display": "Pressure ulcer of left elbow, stage 1"
      },
      {
        "system": "http://hl7.org/fhir/sid/icd-10-cm",
        "version": "2021.2.20AB",
        "code": "L89.022",
        "display": "Pressure ulcer of left elbow, stage 2"
      },
      {
        "system": "http://hl7.org/fhir/sid/icd-10-cm",
        "version": "2021.2.20AB",
        "code": "L89.023",
        "display": "Pressure ulcer of left elbow, stage 3"
      },
      {
        "system": "http://hl7.org/fhir/sid/icd-10-cm",
        "version": "2021.2.20AB",
        "code": "L89.024",
        "display": "Pressure ulcer of left elbow, stage 4"
      },
      {
        "system": "http://hl7.org/fhir/sid/icd-10-cm",
        "version": "2021.2.20AB",
        "code": "L89.026",
        "display": "Pressure-induced deep tissue damage of left elbow"
      },
      {
        "system": "http://hl7.org/fhir/sid/icd-10-cm",
        "version": "2021.2.20AB",
        "code": "L89.029",
        "display": "Pressure ulcer of left elbow, unspecified stage"
      },
      {
        "system": "http://hl7.org/fhir/sid/icd-10-cm",
        "version": "2021.2.20AB",
        "code": "L89.100",
        "display": "Pressure ulcer of unspecified part of back, unstageable"
      },
      {
        "system": "http://hl7.org/fhir/sid/icd-10-cm",
        "version": "2021.2.20AB",
        "code": "L89.101",
        "display": "Pressure ulcer of unspecified part of back, stage 1"
      },
      {
        "system": "http://hl7.org/fhir/sid/icd-10-cm",
        "version": "2021.2.20AB",
        "code": "L89.102",
        "display": "Pressure ulcer of unspecified part of back, stage 2"
      },
      {
        "system": "http://hl7.org/fhir/sid/icd-10-cm",
        "version": "2021.2.20AB",
        "code": "L89.103",
        "display": "Pressure ulcer of unspecified part of back, stage 3"
      },
      {
        "system": "http://hl7.org/fhir/sid/icd-10-cm",
        "version": "2021.2.20AB",
        "code": "L89.104",
        "display": "Pressure ulcer of unspecified part of back, stage 4"
      },
      {
        "system": "http://hl7.org/fhir/sid/icd-10-cm",
        "version": "2021.2.20AB",
        "code": "L89.106",
        "display": "Pressure-induced deep tissue damage of unspecified part of back"
      },
      {
        "system": "http://hl7.org/fhir/sid/icd-10-cm",
        "version": "2021.2.20AB",
        "code": "L89.109",
        "display": "Pressure ulcer of unspecified part of back, unspecified stage"
      },
      {
        "system": "http://hl7.org/fhir/sid/icd-10-cm",
        "version": "2021.2.20AB",
        "code": "L89.110",
        "display": "Pressure ulcer of right upper back, unstageable"
      },
      {
        "system": "http://hl7.org/fhir/sid/icd-10-cm",
        "version": "2021.2.20AB",
        "code": "L89.111",
        "display": "Pressure ulcer of right upper back, stage 1"
      },
      {
        "system": "http://hl7.org/fhir/sid/icd-10-cm",
        "version": "2021.2.20AB",
        "code": "L89.112",
        "display": "Pressure ulcer of right upper back, stage 2"
      },
      {
        "system": "http://hl7.org/fhir/sid/icd-10-cm",
        "version": "2021.2.20AB",
        "code": "L89.113",
        "display": "Pressure ulcer of right upper back, stage 3"
      },
      {
        "system": "http://hl7.org/fhir/sid/icd-10-cm",
        "version": "2021.2.20AB",
        "code": "L89.114",
        "display": "Pressure ulcer of right upper back, stage 4"
      },
      {
        "system": "http://hl7.org/fhir/sid/icd-10-cm",
        "version": "2021.2.20AB",
        "code": "L89.116",
        "display": "Pressure-induced deep tissue damage of right upper back"
      },
      {
        "system": "http://hl7.org/fhir/sid/icd-10-cm",
        "version": "2021.2.20AB",
        "code": "L89.119",
        "display": "Pressure ulcer of right upper back, unspecified stage"
      },
      {
        "system": "http://hl7.org/fhir/sid/icd-10-cm",
        "version": "2021.2.20AB",
        "code": "L89.120",
        "display": "Pressure ulcer of left upper back, unstageable"
      },
      {
        "system": "http://hl7.org/fhir/sid/icd-10-cm",
        "version": "2021.2.20AB",
        "code": "L89.121",
        "display": "Pressure ulcer of left upper back, stage 1"
      },
      {
        "system": "http://hl7.org/fhir/sid/icd-10-cm",
        "version": "2021.2.20AB",
        "code": "L89.122",
        "display": "Pressure ulcer of left upper back, stage 2"
      },
      {
        "system": "http://hl7.org/fhir/sid/icd-10-cm",
        "version": "2021.2.20AB",
        "code": "L89.123",
        "display": "Pressure ulcer of left upper back, stage 3"
      },
      {
        "system": "http://hl7.org/fhir/sid/icd-10-cm",
        "version": "2021.2.20AB",
        "code": "L89.124",
        "display": "Pressure ulcer of left upper back, stage 4"
      },
      {
        "system": "http://hl7.org/fhir/sid/icd-10-cm",
        "version": "2021.2.20AB",
        "code": "L89.126",
        "display": "Pressure-induced deep tissue damage of left upper back"
      },
      {
        "system": "http://hl7.org/fhir/sid/icd-10-cm",
        "version": "2021.2.20AB",
        "code": "L89.129",
        "display": "Pressure ulcer of left upper back, unspecified stage"
      },
      {
        "system": "http://hl7.org/fhir/sid/icd-10-cm",
        "version": "2021.2.20AB",
        "code": "L89.130",
        "display": "Pressure ulcer of right lower back, unstageable"
      },
      {
        "system": "http://hl7.org/fhir/sid/icd-10-cm",
        "version": "2021.2.20AB",
        "code": "L89.131",
        "display": "Pressure ulcer of right lower back, stage 1"
      },
      {
        "system": "http://hl7.org/fhir/sid/icd-10-cm",
        "version": "2021.2.20AB",
        "code": "L89.132",
        "display": "Pressure ulcer of right lower back, stage 2"
      },
      {
        "system": "http://hl7.org/fhir/sid/icd-10-cm",
        "version": "2021.2.20AB",
        "code": "L89.133",
        "display": "Pressure ulcer of right lower back, stage 3"
      },
      {
        "system": "http://hl7.org/fhir/sid/icd-10-cm",
        "version": "2021.2.20AB",
        "code": "L89.134",
        "display": "Pressure ulcer of right lower back, stage 4"
      },
      {
        "system": "http://hl7.org/fhir/sid/icd-10-cm",
        "version": "2021.2.20AB",
        "code": "L89.136",
        "display": "Pressure-induced deep tissue damage of right lower back"
      },
      {
        "system": "http://hl7.org/fhir/sid/icd-10-cm",
        "version": "2021.2.20AB",
        "code": "L89.139",
        "display": "Pressure ulcer of right lower back, unspecified stage"
      },
      {
        "system": "http://hl7.org/fhir/sid/icd-10-cm",
        "version": "2021.2.20AB",
        "code": "L89.140",
        "display": "Pressure ulcer of left lower back, unstageable"
      },
      {
        "system": "http://hl7.org/fhir/sid/icd-10-cm",
        "version": "2021.2.20AB",
        "code": "L89.141",
        "display": "Pressure ulcer of left lower back, stage 1"
      },
      {
        "system": "http://hl7.org/fhir/sid/icd-10-cm",
        "version": "2021.2.20AB",
        "code": "L89.142",
        "display": "Pressure ulcer of left lower back, stage 2"
      },
      {
        "system": "http://hl7.org/fhir/sid/icd-10-cm",
        "version": "2021.2.20AB",
        "code": "L89.143",
        "display": "Pressure ulcer of left lower back, stage 3"
      },
      {
        "system": "http://hl7.org/fhir/sid/icd-10-cm",
        "version": "2021.2.20AB",
        "code": "L89.144",
        "display": "Pressure ulcer of left lower back, stage 4"
      },
      {
        "system": "http://hl7.org/fhir/sid/icd-10-cm",
        "version": "2021.2.20AB",
        "code": "L89.146",
        "display": "Pressure-induced deep tissue damage of left lower back"
      },
      {
        "system": "http://hl7.org/fhir/sid/icd-10-cm",
        "version": "2021.2.20AB",
        "code": "L89.149",
        "display": "Pressure ulcer of left lower back, unspecified stage"
      },
      {
        "system": "http://hl7.org/fhir/sid/icd-10-cm",
        "version": "2021.2.20AB",
        "code": "L89.150",
        "display": "Pressure ulcer of sacral region, unstageable"
      },
      {
        "system": "http://hl7.org/fhir/sid/icd-10-cm",
        "version": "2021.2.20AB",
        "code": "L89.151",
        "display": "Pressure ulcer of sacral region, stage 1"
      },
      {
        "system": "http://hl7.org/fhir/sid/icd-10-cm",
        "version": "2021.2.20AB",
        "code": "L89.152",
        "display": "Pressure ulcer of sacral region, stage 2"
      },
      {
        "system": "http://hl7.org/fhir/sid/icd-10-cm",
        "version": "2021.2.20AB",
        "code": "L89.153",
        "display": "Pressure ulcer of sacral region, stage 3"
      },
      {
        "system": "http://hl7.org/fhir/sid/icd-10-cm",
        "version": "2021.2.20AB",
        "code": "L89.154",
        "display": "Pressure ulcer of sacral region, stage 4"
      },
      {
        "system": "http://hl7.org/fhir/sid/icd-10-cm",
        "version": "2021.2.20AB",
        "code": "L89.156",
        "display": "Pressure-induced deep tissue damage of sacral region"
      },
      {
        "system": "http://hl7.org/fhir/sid/icd-10-cm",
        "version": "2021.2.20AB",
        "code": "L89.159",
        "display": "Pressure ulcer of sacral region, unspecified stage"
      },
      {
        "system": "http://hl7.org/fhir/sid/icd-10-cm",
        "version": "2021.2.20AB",
        "code": "L89.200",
        "display": "Pressure ulcer of unspecified hip, unstageable"
      },
      {
        "system": "http://hl7.org/fhir/sid/icd-10-cm",
        "version": "2021.2.20AB",
        "code": "L89.201",
        "display": "Pressure ulcer of unspecified hip, stage 1"
      },
      {
        "system": "http://hl7.org/fhir/sid/icd-10-cm",
        "version": "2021.2.20AB",
        "code": "L89.202",
        "display": "Pressure ulcer of unspecified hip, stage 2"
      },
      {
        "system": "http://hl7.org/fhir/sid/icd-10-cm",
        "version": "2021.2.20AB",
        "code": "L89.203",
        "display": "Pressure ulcer of unspecified hip, stage 3"
      },
      {
        "system": "http://hl7.org/fhir/sid/icd-10-cm",
        "version": "2021.2.20AB",
        "code": "L89.204",
        "display": "Pressure ulcer of unspecified hip, stage 4"
      },
      {
        "system": "http://hl7.org/fhir/sid/icd-10-cm",
        "version": "2021.2.20AB",
        "code": "L89.206",
        "display": "Pressure-induced deep tissue damage of unspecified hip"
      },
      {
        "system": "http://hl7.org/fhir/sid/icd-10-cm",
        "version": "2021.2.20AB",
        "code": "L89.209",
        "display": "Pressure ulcer of unspecified hip, unspecified stage"
      },
      {
        "system": "http://hl7.org/fhir/sid/icd-10-cm",
        "version": "2021.2.20AB",
        "code": "L89.210",
        "display": "Pressure ulcer of right hip, unstageable"
      },
      {
        "system": "http://hl7.org/fhir/sid/icd-10-cm",
        "version": "2021.2.20AB",
        "code": "L89.211",
        "display": "Pressure ulcer of right hip, stage 1"
      },
      {
        "system": "http://hl7.org/fhir/sid/icd-10-cm",
        "version": "2021.2.20AB",
        "code": "L89.212",
        "display": "Pressure ulcer of right hip, stage 2"
      },
      {
        "system": "http://hl7.org/fhir/sid/icd-10-cm",
        "version": "2021.2.20AB",
        "code": "L89.213",
        "display": "Pressure ulcer of right hip, stage 3"
      },
      {
        "system": "http://hl7.org/fhir/sid/icd-10-cm",
        "version": "2021.2.20AB",
        "code": "L89.214",
        "display": "Pressure ulcer of right hip, stage 4"
      },
      {
        "system": "http://hl7.org/fhir/sid/icd-10-cm",
        "version": "2021.2.20AB",
        "code": "L89.216",
        "display": "Pressure-induced deep tissue damage of right hip"
      },
      {
        "system": "http://hl7.org/fhir/sid/icd-10-cm",
        "version": "2021.2.20AB",
        "code": "L89.219",
        "display": "Pressure ulcer of right hip, unspecified stage"
      },
      {
        "system": "http://hl7.org/fhir/sid/icd-10-cm",
        "version": "2021.2.20AB",
        "code": "L89.220",
        "display": "Pressure ulcer of left hip, unstageable"
      },
      {
        "system": "http://hl7.org/fhir/sid/icd-10-cm",
        "version": "2021.2.20AB",
        "code": "L89.221",
        "display": "Pressure ulcer of left hip, stage 1"
      },
      {
        "system": "http://hl7.org/fhir/sid/icd-10-cm",
        "version": "2021.2.20AB",
        "code": "L89.222",
        "display": "Pressure ulcer of left hip, stage 2"
      },
      {
        "system": "http://hl7.org/fhir/sid/icd-10-cm",
        "version": "2021.2.20AB",
        "code": "L89.223",
        "display": "Pressure ulcer of left hip, stage 3"
      },
      {
        "system": "http://hl7.org/fhir/sid/icd-10-cm",
        "version": "2021.2.20AB",
        "code": "L89.224",
        "display": "Pressure ulcer of left hip, stage 4"
      },
      {
        "system": "http://hl7.org/fhir/sid/icd-10-cm",
        "version": "2021.2.20AB",
        "code": "L89.226",
        "display": "Pressure-induced deep tissue damage of left hip"
      },
      {
        "system": "http://hl7.org/fhir/sid/icd-10-cm",
        "version": "2021.2.20AB",
        "code": "L89.229",
        "display": "Pressure ulcer of left hip, unspecified stage"
      },
      {
        "system": "http://hl7.org/fhir/sid/icd-10-cm",
        "version": "2021.2.20AB",
        "code": "L89.300",
        "display": "Pressure ulcer of unspecified buttock, unstageable"
      },
      {
        "system": "http://hl7.org/fhir/sid/icd-10-cm",
        "version": "2021.2.20AB",
        "code": "L89.301",
        "display": "Pressure ulcer of unspecified buttock, stage 1"
      },
      {
        "system": "http://hl7.org/fhir/sid/icd-10-cm",
        "version": "2021.2.20AB",
        "code": "L89.302",
        "display": "Pressure ulcer of unspecified buttock, stage 2"
      },
      {
        "system": "http://hl7.org/fhir/sid/icd-10-cm",
        "version": "2021.2.20AB",
        "code": "L89.303",
        "display": "Pressure ulcer of unspecified buttock, stage 3"
      },
      {
        "system": "http://hl7.org/fhir/sid/icd-10-cm",
        "version": "2021.2.20AB",
        "code": "L89.304",
        "display": "Pressure ulcer of unspecified buttock, stage 4"
      },
      {
        "system": "http://hl7.org/fhir/sid/icd-10-cm",
        "version": "2021.2.20AB",
        "code": "L89.306",
        "display": "Pressure-induced deep tissue damage of unspecified buttock"
      },
      {
        "system": "http://hl7.org/fhir/sid/icd-10-cm",
        "version": "2021.2.20AB",
        "code": "L89.309",
        "display": "Pressure ulcer of unspecified buttock, unspecified stage"
      },
      {
        "system": "http://hl7.org/fhir/sid/icd-10-cm",
        "version": "2021.2.20AB",
        "code": "L89.310",
        "display": "Pressure ulcer of right buttock, unstageable"
      },
      {
        "system": "http://hl7.org/fhir/sid/icd-10-cm",
        "version": "2021.2.20AB",
        "code": "L89.311",
        "display": "Pressure ulcer of right buttock, stage 1"
      },
      {
        "system": "http://hl7.org/fhir/sid/icd-10-cm",
        "version": "2021.2.20AB",
        "code": "L89.312",
        "display": "Pressure ulcer of right buttock, stage 2"
      },
      {
        "system": "http://hl7.org/fhir/sid/icd-10-cm",
        "version": "2021.2.20AB",
        "code": "L89.313",
        "display": "Pressure ulcer of right buttock, stage 3"
      },
      {
        "system": "http://hl7.org/fhir/sid/icd-10-cm",
        "version": "2021.2.20AB",
        "code": "L89.314",
        "display": "Pressure ulcer of right buttock, stage 4"
      },
      {
        "system": "http://hl7.org/fhir/sid/icd-10-cm",
        "version": "2021.2.20AB",
        "code": "L89.316",
        "display": "Pressure-induced deep tissue damage of right buttock"
      },
      {
        "system": "http://hl7.org/fhir/sid/icd-10-cm",
        "version": "2021.2.20AB",
        "code": "L89.319",
        "display": "Pressure ulcer of right buttock, unspecified stage"
      },
      {
        "system": "http://hl7.org/fhir/sid/icd-10-cm",
        "version": "2021.2.20AB",
        "code": "L89.320",
        "display": "Pressure ulcer of left buttock, unstageable"
      },
      {
        "system": "http://hl7.org/fhir/sid/icd-10-cm",
        "version": "2021.2.20AB",
        "code": "L89.321",
        "display": "Pressure ulcer of left buttock, stage 1"
      },
      {
        "system": "http://hl7.org/fhir/sid/icd-10-cm",
        "version": "2021.2.20AB",
        "code": "L89.322",
        "display": "Pressure ulcer of left buttock, stage 2"
      },
      {
        "system": "http://hl7.org/fhir/sid/icd-10-cm",
        "version": "2021.2.20AB",
        "code": "L89.323",
        "display": "Pressure ulcer of left buttock, stage 3"
      },
      {
        "system": "http://hl7.org/fhir/sid/icd-10-cm",
        "version": "2021.2.20AB",
        "code": "L89.324",
        "display": "Pressure ulcer of left buttock, stage 4"
      },
      {
        "system": "http://hl7.org/fhir/sid/icd-10-cm",
        "version": "2021.2.20AB",
        "code": "L89.326",
        "display": "Pressure-induced deep tissue damage of left buttock"
      },
      {
        "system": "http://hl7.org/fhir/sid/icd-10-cm",
        "version": "2021.2.20AB",
        "code": "L89.329",
        "display": "Pressure ulcer of left buttock, unspecified stage"
      },
      {
        "system": "http://hl7.org/fhir/sid/icd-10-cm",
        "version": "2021.2.20AB",
        "code": "L89.40",
        "display": "Pressure ulcer of contiguous site of back, buttock and hip, unspecified stage"
      },
      {
        "system": "http://hl7.org/fhir/sid/icd-10-cm",
        "version": "2021.2.20AB",
        "code": "L89.41",
        "display": "Pressure ulcer of contiguous site of back, buttock and hip, stage 1"
      },
      {
        "system": "http://hl7.org/fhir/sid/icd-10-cm",
        "version": "2021.2.20AB",
        "code": "L89.42",
        "display": "Pressure ulcer of contiguous site of back, buttock and hip, stage 2"
      },
      {
        "system": "http://hl7.org/fhir/sid/icd-10-cm",
        "version": "2021.2.20AB",
        "code": "L89.43",
        "display": "Pressure ulcer of contiguous site of back, buttock and hip, stage 3"
      },
      {
        "system": "http://hl7.org/fhir/sid/icd-10-cm",
        "version": "2021.2.20AB",
        "code": "L89.44",
        "display": "Pressure ulcer of contiguous site of back, buttock and hip, stage 4"
      },
      {
        "system": "http://hl7.org/fhir/sid/icd-10-cm",
        "version": "2021.2.20AB",
        "code": "L89.45",
        "display": "Pressure ulcer of contiguous site of back, buttock and hip, unstageable"
      },
      {
        "system": "http://hl7.org/fhir/sid/icd-10-cm",
        "version": "2021.2.20AB",
        "code": "L89.46",
        "display": "Pressure-induced deep tissue damage of contiguous site of back, buttock and hip"
      },
      {
        "system": "http://hl7.org/fhir/sid/icd-10-cm",
        "version": "2021.2.20AB",
        "code": "L89.500",
        "display": "Pressure ulcer of unspecified ankle, unstageable"
      },
      {
        "system": "http://hl7.org/fhir/sid/icd-10-cm",
        "version": "2021.2.20AB",
        "code": "L89.501",
        "display": "Pressure ulcer of unspecified ankle, stage 1"
      },
      {
        "system": "http://hl7.org/fhir/sid/icd-10-cm",
        "version": "2021.2.20AB",
        "code": "L89.502",
        "display": "Pressure ulcer of unspecified ankle, stage 2"
      },
      {
        "system": "http://hl7.org/fhir/sid/icd-10-cm",
        "version": "2021.2.20AB",
        "code": "L89.503",
        "display": "Pressure ulcer of unspecified ankle, stage 3"
      },
      {
        "system": "http://hl7.org/fhir/sid/icd-10-cm",
        "version": "2021.2.20AB",
        "code": "L89.504",
        "display": "Pressure ulcer of unspecified ankle, stage 4"
      },
      {
        "system": "http://hl7.org/fhir/sid/icd-10-cm",
        "version": "2021.2.20AB",
        "code": "L89.506",
        "display": "Pressure-induced deep tissue damage of unspecified ankle"
      },
      {
        "system": "http://hl7.org/fhir/sid/icd-10-cm",
        "version": "2021.2.20AB",
        "code": "L89.509",
        "display": "Pressure ulcer of unspecified ankle, unspecified stage"
      },
      {
        "system": "http://hl7.org/fhir/sid/icd-10-cm",
        "version": "2021.2.20AB",
        "code": "L89.510",
        "display": "Pressure ulcer of right ankle, unstageable"
      },
      {
        "system": "http://hl7.org/fhir/sid/icd-10-cm",
        "version": "2021.2.20AB",
        "code": "L89.511",
        "display": "Pressure ulcer of right ankle, stage 1"
      },
      {
        "system": "http://hl7.org/fhir/sid/icd-10-cm",
        "version": "2021.2.20AB",
        "code": "L89.512",
        "display": "Pressure ulcer of right ankle, stage 2"
      },
      {
        "system": "http://hl7.org/fhir/sid/icd-10-cm",
        "version": "2021.2.20AB",
        "code": "L89.513",
        "display": "Pressure ulcer of right ankle, stage 3"
      },
      {
        "system": "http://hl7.org/fhir/sid/icd-10-cm",
        "version": "2021.2.20AB",
        "code": "L89.514",
        "display": "Pressure ulcer of right ankle, stage 4"
      },
      {
        "system": "http://hl7.org/fhir/sid/icd-10-cm",
        "version": "2021.2.20AB",
        "code": "L89.516",
        "display": "Pressure-induced deep tissue damage of right ankle"
      },
      {
        "system": "http://hl7.org/fhir/sid/icd-10-cm",
        "version": "2021.2.20AB",
        "code": "L89.519",
        "display": "Pressure ulcer of right ankle, unspecified stage"
      },
      {
        "system": "http://hl7.org/fhir/sid/icd-10-cm",
        "version": "2021.2.20AB",
        "code": "L89.520",
        "display": "Pressure ulcer of left ankle, unstageable"
      },
      {
        "system": "http://hl7.org/fhir/sid/icd-10-cm",
        "version": "2021.2.20AB",
        "code": "L89.521",
        "display": "Pressure ulcer of left ankle, stage 1"
      },
      {
        "system": "http://hl7.org/fhir/sid/icd-10-cm",
        "version": "2021.2.20AB",
        "code": "L89.522",
        "display": "Pressure ulcer of left ankle, stage 2"
      },
      {
        "system": "http://hl7.org/fhir/sid/icd-10-cm",
        "version": "2021.2.20AB",
        "code": "L89.523",
        "display": "Pressure ulcer of left ankle, stage 3"
      },
      {
        "system": "http://hl7.org/fhir/sid/icd-10-cm",
        "version": "2021.2.20AB",
        "code": "L89.524",
        "display": "Pressure ulcer of left ankle, stage 4"
      },
      {
        "system": "http://hl7.org/fhir/sid/icd-10-cm",
        "version": "2021.2.20AB",
        "code": "L89.526",
        "display": "Pressure-induced deep tissue damage of left ankle"
      },
      {
        "system": "http://hl7.org/fhir/sid/icd-10-cm",
        "version": "2021.2.20AB",
        "code": "L89.529",
        "display": "Pressure ulcer of left ankle, unspecified stage"
      },
      {
        "system": "http://hl7.org/fhir/sid/icd-10-cm",
        "version": "2021.2.20AB",
        "code": "L89.600",
        "display": "Pressure ulcer of unspecified heel, unstageable"
      },
      {
        "system": "http://hl7.org/fhir/sid/icd-10-cm",
        "version": "2021.2.20AB",
        "code": "L89.601",
        "display": "Pressure ulcer of unspecified heel, stage 1"
      },
      {
        "system": "http://hl7.org/fhir/sid/icd-10-cm",
        "version": "2021.2.20AB",
        "code": "L89.602",
        "display": "Pressure ulcer of unspecified heel, stage 2"
      },
      {
        "system": "http://hl7.org/fhir/sid/icd-10-cm",
        "version": "2021.2.20AB",
        "code": "L89.603",
        "display": "Pressure ulcer of unspecified heel, stage 3"
      },
      {
        "system": "http://hl7.org/fhir/sid/icd-10-cm",
        "version": "2021.2.20AB",
        "code": "L89.604",
        "display": "Pressure ulcer of unspecified heel, stage 4"
      },
      {
        "system": "http://hl7.org/fhir/sid/icd-10-cm",
        "version": "2021.2.20AB",
        "code": "L89.606",
        "display": "Pressure-induced deep tissue damage of unspecified heel"
      },
      {
        "system": "http://hl7.org/fhir/sid/icd-10-cm",
        "version": "2021.2.20AB",
        "code": "L89.609",
        "display": "Pressure ulcer of unspecified heel, unspecified stage"
      },
      {
        "system": "http://hl7.org/fhir/sid/icd-10-cm",
        "version": "2021.2.20AB",
        "code": "L89.610",
        "display": "Pressure ulcer of right heel, unstageable"
      },
      {
        "system": "http://hl7.org/fhir/sid/icd-10-cm",
        "version": "2021.2.20AB",
        "code": "L89.611",
        "display": "Pressure ulcer of right heel, stage 1"
      },
      {
        "system": "http://hl7.org/fhir/sid/icd-10-cm",
        "version": "2021.2.20AB",
        "code": "L89.612",
        "display": "Pressure ulcer of right heel, stage 2"
      },
      {
        "system": "http://hl7.org/fhir/sid/icd-10-cm",
        "version": "2021.2.20AB",
        "code": "L89.613",
        "display": "Pressure ulcer of right heel, stage 3"
      },
      {
        "system": "http://hl7.org/fhir/sid/icd-10-cm",
        "version": "2021.2.20AB",
        "code": "L89.614",
        "display": "Pressure ulcer of right heel, stage 4"
      },
      {
        "system": "http://hl7.org/fhir/sid/icd-10-cm",
        "version": "2021.2.20AB",
        "code": "L89.616",
        "display": "Pressure-induced deep tissue damage of right heel"
      },
      {
        "system": "http://hl7.org/fhir/sid/icd-10-cm",
        "version": "2021.2.20AB",
        "code": "L89.619",
        "display": "Pressure ulcer of right heel, unspecified stage"
      },
      {
        "system": "http://hl7.org/fhir/sid/icd-10-cm",
        "version": "2021.2.20AB",
        "code": "L89.620",
        "display": "Pressure ulcer of left heel, unstageable"
      },
      {
        "system": "http://hl7.org/fhir/sid/icd-10-cm",
        "version": "2021.2.20AB",
        "code": "L89.621",
        "display": "Pressure ulcer of left heel, stage 1"
      },
      {
        "system": "http://hl7.org/fhir/sid/icd-10-cm",
        "version": "2021.2.20AB",
        "code": "L89.622",
        "display": "Pressure ulcer of left heel, stage 2"
      },
      {
        "system": "http://hl7.org/fhir/sid/icd-10-cm",
        "version": "2021.2.20AB",
        "code": "L89.623",
        "display": "Pressure ulcer of left heel, stage 3"
      },
      {
        "system": "http://hl7.org/fhir/sid/icd-10-cm",
        "version": "2021.2.20AB",
        "code": "L89.624",
        "display": "Pressure ulcer of left heel, stage 4"
      },
      {
        "system": "http://hl7.org/fhir/sid/icd-10-cm",
        "version": "2021.2.20AB",
        "code": "L89.626",
        "display": "Pressure-induced deep tissue damage of left heel"
      },
      {
        "system": "http://hl7.org/fhir/sid/icd-10-cm",
        "version": "2021.2.20AB",
        "code": "L89.629",
        "display": "Pressure ulcer of left heel, unspecified stage"
      },
      {
        "system": "http://hl7.org/fhir/sid/icd-10-cm",
        "version": "2021.2.20AB",
        "code": "L89.810",
        "display": "Pressure ulcer of head, unstageable"
      },
      {
        "system": "http://hl7.org/fhir/sid/icd-10-cm",
        "version": "2021.2.20AB",
        "code": "L89.811",
        "display": "Pressure ulcer of head, stage 1"
      },
      {
        "system": "http://hl7.org/fhir/sid/icd-10-cm",
        "version": "2021.2.20AB",
        "code": "L89.812",
        "display": "Pressure ulcer of head, stage 2"
      },
      {
        "system": "http://hl7.org/fhir/sid/icd-10-cm",
        "version": "2021.2.20AB",
        "code": "L89.813",
        "display": "Pressure ulcer of head, stage 3"
      },
      {
        "system": "http://hl7.org/fhir/sid/icd-10-cm",
        "version": "2021.2.20AB",
        "code": "L89.814",
        "display": "Pressure ulcer of head, stage 4"
      },
      {
        "system": "http://hl7.org/fhir/sid/icd-10-cm",
        "version": "2021.2.20AB",
        "code": "L89.816",
        "display": "Pressure-induced deep tissue damage of head"
      },
      {
        "system": "http://hl7.org/fhir/sid/icd-10-cm",
        "version": "2021.2.20AB",
        "code": "L89.819",
        "display": "Pressure ulcer of head, unspecified stage"
      },
      {
        "system": "http://hl7.org/fhir/sid/icd-10-cm",
        "version": "2021.2.20AB",
        "code": "L89.890",
        "display": "Pressure ulcer of other site, unstageable"
      },
      {
        "system": "http://hl7.org/fhir/sid/icd-10-cm",
        "version": "2021.2.20AB",
        "code": "L89.891",
        "display": "Pressure ulcer of other site, stage 1"
      },
      {
        "system": "http://hl7.org/fhir/sid/icd-10-cm",
        "version": "2021.2.20AB",
        "code": "L89.892",
        "display": "Pressure ulcer of other site, stage 2"
      },
      {
        "system": "http://hl7.org/fhir/sid/icd-10-cm",
        "version": "2021.2.20AB",
        "code": "L89.893",
        "display": "Pressure ulcer of other site, stage 3"
      },
      {
        "system": "http://hl7.org/fhir/sid/icd-10-cm",
        "version": "2021.2.20AB",
        "code": "L89.894",
        "display": "Pressure ulcer of other site, stage 4"
      },
      {
        "system": "http://hl7.org/fhir/sid/icd-10-cm",
        "version": "2021.2.20AB",
        "code": "L89.896",
        "display": "Pressure-induced deep tissue damage of other site"
      },
      {
        "system": "http://hl7.org/fhir/sid/icd-10-cm",
        "version": "2021.2.20AB",
        "code": "L89.899",
        "display": "Pressure ulcer of other site, unspecified stage"
      },
      {
        "system": "http://hl7.org/fhir/sid/icd-10-cm",
        "version": "2021.2.20AB",
        "code": "L89.90",
        "display": "Pressure ulcer of unspecified site, unspecified stage"
      },
      {
        "system": "http://hl7.org/fhir/sid/icd-10-cm",
        "version": "2021.2.20AB",
        "code": "L89.91",
        "display": "Pressure ulcer of unspecified site, stage 1"
      },
      {
        "system": "http://hl7.org/fhir/sid/icd-10-cm",
        "version": "2021.2.20AB",
        "code": "L89.92",
        "display": "Pressure ulcer of unspecified site, stage 2"
      },
      {
        "system": "http://hl7.org/fhir/sid/icd-10-cm",
        "version": "2021.2.20AB",
        "code": "L89.93",
        "display": "Pressure ulcer of unspecified site, stage 3"
      },
      {
        "system": "http://hl7.org/fhir/sid/icd-10-cm",
        "version": "2021.2.20AB",
        "code": "L89.94",
        "display": "Pressure ulcer of unspecified site, stage 4"
      },
      {
        "system": "http://hl7.org/fhir/sid/icd-10-cm",
        "version": "2021.2.20AB",
        "code": "L89.95",
        "display": "Pressure ulcer of unspecified site, unstageable"
      },
      {
        "system": "http://hl7.org/fhir/sid/icd-10-cm",
        "version": "2021.2.20AB",
        "code": "L89.96",
        "display": "Pressure-induced deep tissue damage of unspecified site"
      },
      {
        "system": "http://hl7.org/fhir/sid/icd-10-cm",
        "version": "2021.2.20AB",
        "code": "M62.50",
        "display": "Muscle wasting and atrophy, not elsewhere classified, unspecified site"
      },
      {
        "system": "http://hl7.org/fhir/sid/icd-10-cm",
        "version": "2021.2.20AB",
        "code": "M62.81",
        "display": "Muscle weakness (generalized)"
      },
      {
        "system": "http://hl7.org/fhir/sid/icd-10-cm",
        "version": "2021.2.20AB",
        "code": "M62.84",
        "display": "Sarcopenia"
      },
      {
        "system": "http://hl7.org/fhir/sid/icd-10-cm",
        "version": "2021.2.20AB",
        "code": "W01.0XXA",
        "display": "Fall on same level from slipping, tripping and stumbling without subsequent striking against object, initial encounter"
      },
      {
        "system": "http://hl7.org/fhir/sid/icd-10-cm",
        "version": "2021.2.20AB",
        "code": "W01.0XXD",
        "display": "Fall on same level from slipping, tripping and stumbling without subsequent striking against object, subsequent encounter"
      },
      {
        "system": "http://hl7.org/fhir/sid/icd-10-cm",
        "version": "2021.2.20AB",
        "code": "W01.0XXS",
        "display": "Fall on same level from slipping, tripping and stumbling without subsequent striking against object, sequela"
      },
      {
        "system": "http://hl7.org/fhir/sid/icd-10-cm",
        "version": "2021.2.20AB",
        "code": "W01.10XA",
        "display": "Fall on same level from slipping, tripping and stumbling with subsequent striking against unspecified object, initial encounter"
      },
      {
        "system": "http://hl7.org/fhir/sid/icd-10-cm",
        "version": "2021.2.20AB",
        "code": "W01.10XD",
        "display": "Fall on same level from slipping, tripping and stumbling with subsequent striking against unspecified object, subsequent encounter"
      },
      {
        "system": "http://hl7.org/fhir/sid/icd-10-cm",
        "version": "2021.2.20AB",
        "code": "W01.10XS",
        "display": "Fall on same level from slipping, tripping and stumbling with subsequent striking against unspecified object, sequela"
      },
      {
        "system": "http://hl7.org/fhir/sid/icd-10-cm",
        "version": "2021.2.20AB",
        "code": "W01.110A",
        "display": "Fall on same level from slipping, tripping and stumbling with subsequent striking against sharp glass, initial encounter"
      },
      {
        "system": "http://hl7.org/fhir/sid/icd-10-cm",
        "version": "2021.2.20AB",
        "code": "W01.110D",
        "display": "Fall on same level from slipping, tripping and stumbling with subsequent striking against sharp glass, subsequent encounter"
      },
      {
        "system": "http://hl7.org/fhir/sid/icd-10-cm",
        "version": "2021.2.20AB",
        "code": "W01.110S",
        "display": "Fall on same level from slipping, tripping and stumbling with subsequent striking against sharp glass, sequela"
      },
      {
        "system": "http://hl7.org/fhir/sid/icd-10-cm",
        "version": "2021.2.20AB",
        "code": "W01.111A",
        "display": "Fall on same level from slipping, tripping and stumbling with subsequent striking against power tool or machine, initial encounter"
      },
      {
        "system": "http://hl7.org/fhir/sid/icd-10-cm",
        "version": "2021.2.20AB",
        "code": "W01.111D",
        "display": "Fall on same level from slipping, tripping and stumbling with subsequent striking against power tool or machine, subsequent encounter"
      },
      {
        "system": "http://hl7.org/fhir/sid/icd-10-cm",
        "version": "2021.2.20AB",
        "code": "W01.111S",
        "display": "Fall on same level from slipping, tripping and stumbling with subsequent striking against power tool or machine, sequela"
      },
      {
        "system": "http://hl7.org/fhir/sid/icd-10-cm",
        "version": "2021.2.20AB",
        "code": "W01.118A",
        "display": "Fall on same level from slipping, tripping and stumbling with subsequent striking against other sharp object, initial encounter"
      },
      {
        "system": "http://hl7.org/fhir/sid/icd-10-cm",
        "version": "2021.2.20AB",
        "code": "W01.118D",
        "display": "Fall on same level from slipping, tripping and stumbling with subsequent striking against other sharp object, subsequent encounter"
      },
      {
        "system": "http://hl7.org/fhir/sid/icd-10-cm",
        "version": "2021.2.20AB",
        "code": "W01.118S",
        "display": "Fall on same level from slipping, tripping and stumbling with subsequent striking against other sharp object, sequela"
      },
      {
        "system": "http://hl7.org/fhir/sid/icd-10-cm",
        "version": "2021.2.20AB",
        "code": "W01.119A",
        "display": "Fall on same level from slipping, tripping and stumbling with subsequent striking against unspecified sharp object, initial encounter"
      },
      {
        "system": "http://hl7.org/fhir/sid/icd-10-cm",
        "version": "2021.2.20AB",
        "code": "W01.119D",
        "display": "Fall on same level from slipping, tripping and stumbling with subsequent striking against unspecified sharp object, subsequent encounter"
      },
      {
        "system": "http://hl7.org/fhir/sid/icd-10-cm",
        "version": "2021.2.20AB",
        "code": "W01.119S",
        "display": "Fall on same level from slipping, tripping and stumbling with subsequent striking against unspecified sharp object, sequela"
      },
      {
        "system": "http://hl7.org/fhir/sid/icd-10-cm",
        "version": "2021.2.20AB",
        "code": "W01.190A",
        "display": "Fall on same level from slipping, tripping and stumbling with subsequent striking against furniture, initial encounter"
      },
      {
        "system": "http://hl7.org/fhir/sid/icd-10-cm",
        "version": "2021.2.20AB",
        "code": "W01.190D",
        "display": "Fall on same level from slipping, tripping and stumbling with subsequent striking against furniture, subsequent encounter"
      },
      {
        "system": "http://hl7.org/fhir/sid/icd-10-cm",
        "version": "2021.2.20AB",
        "code": "W01.190S",
        "display": "Fall on same level from slipping, tripping and stumbling with subsequent striking against furniture, sequela"
      },
      {
        "system": "http://hl7.org/fhir/sid/icd-10-cm",
        "version": "2021.2.20AB",
        "code": "W01.198A",
        "display": "Fall on same level from slipping, tripping and stumbling with subsequent striking against other object, initial encounter"
      },
      {
        "system": "http://hl7.org/fhir/sid/icd-10-cm",
        "version": "2021.2.20AB",
        "code": "W01.198D",
        "display": "Fall on same level from slipping, tripping and stumbling with subsequent striking against other object, subsequent encounter"
      },
      {
        "system": "http://hl7.org/fhir/sid/icd-10-cm",
        "version": "2021.2.20AB",
        "code": "W01.198S",
        "display": "Fall on same level from slipping, tripping and stumbling with subsequent striking against other object, sequela"
      },
      {
        "system": "http://hl7.org/fhir/sid/icd-10-cm",
        "version": "2021.2.20AB",
        "code": "W06.XXXA",
        "display": "Fall from bed, initial encounter"
      },
      {
        "system": "http://hl7.org/fhir/sid/icd-10-cm",
        "version": "2021.2.20AB",
        "code": "W06.XXXD",
        "display": "Fall from bed, subsequent encounter"
      },
      {
        "system": "http://hl7.org/fhir/sid/icd-10-cm",
        "version": "2021.2.20AB",
        "code": "W06.XXXS",
        "display": "Fall from bed, sequela"
      },
      {
        "system": "http://hl7.org/fhir/sid/icd-10-cm",
        "version": "2021.2.20AB",
        "code": "W07.XXXA",
        "display": "Fall from chair, initial encounter"
      },
      {
        "system": "http://hl7.org/fhir/sid/icd-10-cm",
        "version": "2021.2.20AB",
        "code": "W07.XXXD",
        "display": "Fall from chair, subsequent encounter"
      },
      {
        "system": "http://hl7.org/fhir/sid/icd-10-cm",
        "version": "2021.2.20AB",
        "code": "W07.XXXS",
        "display": "Fall from chair, sequela"
      },
      {
        "system": "http://hl7.org/fhir/sid/icd-10-cm",
        "version": "2021.2.20AB",
        "code": "W08.XXXA",
        "display": "Fall from other furniture, initial encounter"
      },
      {
        "system": "http://hl7.org/fhir/sid/icd-10-cm",
        "version": "2021.2.20AB",
        "code": "W08.XXXD",
        "display": "Fall from other furniture, subsequent encounter"
      },
      {
        "system": "http://hl7.org/fhir/sid/icd-10-cm",
        "version": "2021.2.20AB",
        "code": "W08.XXXS",
        "display": "Fall from other furniture, sequela"
      },
      {
        "system": "http://hl7.org/fhir/sid/icd-10-cm",
        "version": "2021.2.20AB",
        "code": "W10.0XXA",
        "display": "Fall (on)(from) escalator, initial encounter"
      },
      {
        "system": "http://hl7.org/fhir/sid/icd-10-cm",
        "version": "2021.2.20AB",
        "code": "W10.0XXD",
        "display": "Fall (on)(from) escalator, subsequent encounter"
      },
      {
        "system": "http://hl7.org/fhir/sid/icd-10-cm",
        "version": "2021.2.20AB",
        "code": "W10.0XXS",
        "display": "Fall (on)(from) escalator, sequela"
      },
      {
        "system": "http://hl7.org/fhir/sid/icd-10-cm",
        "version": "2021.2.20AB",
        "code": "W10.1XXA",
        "display": "Fall (on)(from) sidewalk curb, initial encounter"
      },
      {
        "system": "http://hl7.org/fhir/sid/icd-10-cm",
        "version": "2021.2.20AB",
        "code": "W10.1XXD",
        "display": "Fall (on)(from) sidewalk curb, subsequent encounter"
      },
      {
        "system": "http://hl7.org/fhir/sid/icd-10-cm",
        "version": "2021.2.20AB",
        "code": "W10.1XXS",
        "display": "Fall (on)(from) sidewalk curb, sequela"
      },
      {
        "system": "http://hl7.org/fhir/sid/icd-10-cm",
        "version": "2021.2.20AB",
        "code": "W10.2XXA",
        "display": "Fall (on)(from) incline, initial encounter"
      },
      {
        "system": "http://hl7.org/fhir/sid/icd-10-cm",
        "version": "2021.2.20AB",
        "code": "W10.2XXD",
        "display": "Fall (on)(from) incline, subsequent encounter"
      },
      {
        "system": "http://hl7.org/fhir/sid/icd-10-cm",
        "version": "2021.2.20AB",
        "code": "W10.2XXS",
        "display": "Fall (on)(from) incline, sequela"
      },
      {
        "system": "http://hl7.org/fhir/sid/icd-10-cm",
        "version": "2021.2.20AB",
        "code": "W10.8XXA",
        "display": "Fall (on) (from) other stairs and steps, initial encounter"
      },
      {
        "system": "http://hl7.org/fhir/sid/icd-10-cm",
        "version": "2021.2.20AB",
        "code": "W10.8XXD",
        "display": "Fall (on) (from) other stairs and steps, subsequent encounter"
      },
      {
        "system": "http://hl7.org/fhir/sid/icd-10-cm",
        "version": "2021.2.20AB",
        "code": "W10.8XXS",
        "display": "Fall (on) (from) other stairs and steps, sequela"
      },
      {
        "system": "http://hl7.org/fhir/sid/icd-10-cm",
        "version": "2021.2.20AB",
        "code": "W10.9XXA",
        "display": "Fall (on) (from) unspecified stairs and steps, initial encounter"
      },
      {
        "system": "http://hl7.org/fhir/sid/icd-10-cm",
        "version": "2021.2.20AB",
        "code": "W10.9XXD",
        "display": "Fall (on) (from) unspecified stairs and steps, subsequent encounter"
      },
      {
        "system": "http://hl7.org/fhir/sid/icd-10-cm",
        "version": "2021.2.20AB",
        "code": "W10.9XXS",
        "display": "Fall (on) (from) unspecified stairs and steps, sequela"
      },
      {
        "system": "http://hl7.org/fhir/sid/icd-10-cm",
        "version": "2021.2.20AB",
        "code": "W18.00XA",
        "display": "Striking against unspecified object with subsequent fall, initial encounter"
      },
      {
        "system": "http://hl7.org/fhir/sid/icd-10-cm",
        "version": "2021.2.20AB",
        "code": "W18.00XD",
        "display": "Striking against unspecified object with subsequent fall, subsequent encounter"
      },
      {
        "system": "http://hl7.org/fhir/sid/icd-10-cm",
        "version": "2021.2.20AB",
        "code": "W18.00XS",
        "display": "Striking against unspecified object with subsequent fall, sequela"
      },
      {
        "system": "http://hl7.org/fhir/sid/icd-10-cm",
        "version": "2021.2.20AB",
        "code": "W18.02XA",
        "display": "Striking against glass with subsequent fall, initial encounter"
      },
      {
        "system": "http://hl7.org/fhir/sid/icd-10-cm",
        "version": "2021.2.20AB",
        "code": "W18.02XD",
        "display": "Striking against glass with subsequent fall, subsequent encounter"
      },
      {
        "system": "http://hl7.org/fhir/sid/icd-10-cm",
        "version": "2021.2.20AB",
        "code": "W18.02XS",
        "display": "Striking against glass with subsequent fall, sequela"
      },
      {
        "system": "http://hl7.org/fhir/sid/icd-10-cm",
        "version": "2021.2.20AB",
        "code": "W18.09XA",
        "display": "Striking against other object with subsequent fall, initial encounter"
      },
      {
        "system": "http://hl7.org/fhir/sid/icd-10-cm",
        "version": "2021.2.20AB",
        "code": "W18.09XD",
        "display": "Striking against other object with subsequent fall, subsequent encounter"
      },
      {
        "system": "http://hl7.org/fhir/sid/icd-10-cm",
        "version": "2021.2.20AB",
        "code": "W18.09XS",
        "display": "Striking against other object with subsequent fall, sequela"
      },
      {
        "system": "http://hl7.org/fhir/sid/icd-10-cm",
        "version": "2021.2.20AB",
        "code": "W18.11XA",
        "display": "Fall from or off toilet without subsequent striking against object, initial encounter"
      },
      {
        "system": "http://hl7.org/fhir/sid/icd-10-cm",
        "version": "2021.2.20AB",
        "code": "W18.11XD",
        "display": "Fall from or off toilet without subsequent striking against object, subsequent encounter"
      },
      {
        "system": "http://hl7.org/fhir/sid/icd-10-cm",
        "version": "2021.2.20AB",
        "code": "W18.11XS",
        "display": "Fall from or off toilet without subsequent striking against object, sequela"
      },
      {
        "system": "http://hl7.org/fhir/sid/icd-10-cm",
        "version": "2021.2.20AB",
        "code": "W18.12XA",
        "display": "Fall from or off toilet with subsequent striking against object, initial encounter"
      },
      {
        "system": "http://hl7.org/fhir/sid/icd-10-cm",
        "version": "2021.2.20AB",
        "code": "W18.12XD",
        "display": "Fall from or off toilet with subsequent striking against object, subsequent encounter"
      },
      {
        "system": "http://hl7.org/fhir/sid/icd-10-cm",
        "version": "2021.2.20AB",
        "code": "W18.12XS",
        "display": "Fall from or off toilet with subsequent striking against object, sequela"
      },
      {
        "system": "http://hl7.org/fhir/sid/icd-10-cm",
        "version": "2021.2.20AB",
        "code": "W18.2XXA",
        "display": "Fall in (into) shower or empty bathtub, initial encounter"
      },
      {
        "system": "http://hl7.org/fhir/sid/icd-10-cm",
        "version": "2021.2.20AB",
        "code": "W18.2XXD",
        "display": "Fall in (into) shower or empty bathtub, subsequent encounter"
      },
      {
        "system": "http://hl7.org/fhir/sid/icd-10-cm",
        "version": "2021.2.20AB",
        "code": "W18.2XXS",
        "display": "Fall in (into) shower or empty bathtub, sequela"
      },
      {
        "system": "http://hl7.org/fhir/sid/icd-10-cm",
        "version": "2021.2.20AB",
        "code": "W18.30XA",
        "display": "Fall on same level, unspecified, initial encounter"
      },
      {
        "system": "http://hl7.org/fhir/sid/icd-10-cm",
        "version": "2021.2.20AB",
        "code": "W18.30XD",
        "display": "Fall on same level, unspecified, subsequent encounter"
      },
      {
        "system": "http://hl7.org/fhir/sid/icd-10-cm",
        "version": "2021.2.20AB",
        "code": "W18.30XS",
        "display": "Fall on same level, unspecified, sequela"
      },
      {
        "system": "http://hl7.org/fhir/sid/icd-10-cm",
        "version": "2021.2.20AB",
        "code": "W18.31XA",
        "display": "Fall on same level due to stepping on an object, initial encounter"
      },
      {
        "system": "http://hl7.org/fhir/sid/icd-10-cm",
        "version": "2021.2.20AB",
        "code": "W18.31XD",
        "display": "Fall on same level due to stepping on an object, subsequent encounter"
      },
      {
        "system": "http://hl7.org/fhir/sid/icd-10-cm",
        "version": "2021.2.20AB",
        "code": "W18.31XS",
        "display": "Fall on same level due to stepping on an object, sequela"
      },
      {
        "system": "http://hl7.org/fhir/sid/icd-10-cm",
        "version": "2021.2.20AB",
        "code": "W18.39XA",
        "display": "Other fall on same level, initial encounter"
      },
      {
        "system": "http://hl7.org/fhir/sid/icd-10-cm",
        "version": "2021.2.20AB",
        "code": "W18.39XD",
        "display": "Other fall on same level, subsequent encounter"
      },
      {
        "system": "http://hl7.org/fhir/sid/icd-10-cm",
        "version": "2021.2.20AB",
        "code": "W18.39XS",
        "display": "Other fall on same level, sequela"
      },
      {
        "system": "http://hl7.org/fhir/sid/icd-10-cm",
        "version": "2021.2.20AB",
        "code": "W19.XXXA",
        "display": "Unspecified fall, initial encounter"
      },
      {
        "system": "http://hl7.org/fhir/sid/icd-10-cm",
        "version": "2021.2.20AB",
        "code": "W19.XXXD",
        "display": "Unspecified fall, subsequent encounter"
      },
      {
        "system": "http://hl7.org/fhir/sid/icd-10-cm",
        "version": "2021.2.20AB",
        "code": "W19.XXXS",
        "display": "Unspecified fall, sequela"
      },
      {
        "system": "http://hl7.org/fhir/sid/icd-10-cm",
        "version": "2021.2.20AB",
        "code": "Y92.199",
        "display": "Unspecified place in other specified residential institution as the place of occurrence of the external cause"
      },
      {
        "system": "http://hl7.org/fhir/sid/icd-10-cm",
        "version": "2021.2.20AB",
        "code": "Z59.3",
        "display": "Problems related to living in residential institution"
      },
      {
        "system": "http://hl7.org/fhir/sid/icd-10-cm",
        "version": "2021.2.20AB",
        "code": "Z73.6",
        "display": "Limitation of activities due to disability"
      },
      {
        "system": "http://hl7.org/fhir/sid/icd-10-cm",
        "version": "2021.2.20AB",
        "code": "Z74.01",
        "display": "Bed confinement status"
      },
      {
        "system": "http://hl7.org/fhir/sid/icd-10-cm",
        "version": "2021.2.20AB",
        "code": "Z74.09",
        "display": "Other reduced mobility"
      },
      {
        "system": "http://hl7.org/fhir/sid/icd-10-cm",
        "version": "2021.2.20AB",
        "code": "Z74.1",
        "display": "Need for assistance with personal care"
      },
      {
        "system": "http://hl7.org/fhir/sid/icd-10-cm",
        "version": "2021.2.20AB",
        "code": "Z74.2",
        "display": "Need for assistance at home and no other household member able to render care"
      },
      {
        "system": "http://hl7.org/fhir/sid/icd-10-cm",
        "version": "2021.2.20AB",
        "code": "Z74.3",
        "display": "Need for continuous supervision"
      },
      {
        "system": "http://hl7.org/fhir/sid/icd-10-cm",
        "version": "2021.2.20AB",
        "code": "Z74.8",
        "display": "Other problems related to care provider dependency"
      },
      {
        "system": "http://hl7.org/fhir/sid/icd-10-cm",
        "version": "2021.2.20AB",
        "code": "Z74.9",
        "display": "Problem related to care provider dependency, unspecified"
      },
      {
        "system": "http://hl7.org/fhir/sid/icd-10-cm",
        "version": "2021.2.20AB",
        "code": "Z91.81",
        "display": "History of falling"
      },
      {
        "system": "http://hl7.org/fhir/sid/icd-10-cm",
        "version": "2021.2.20AB",
        "code": "Z99.11",
        "display": "Dependence on respirator [ventilator] status"
      },
      {
        "system": "http://hl7.org/fhir/sid/icd-10-cm",
        "version": "2021.2.20AB",
        "code": "Z99.3",
        "display": "Dependence on wheelchair"
      },
      {
        "system": "http://hl7.org/fhir/sid/icd-10-cm",
        "version": "2021.2.20AB",
        "code": "Z99.81",
        "display": "Dependence on supplemental oxygen"
      },
      {
        "system": "http://hl7.org/fhir/sid/icd-10-cm",
        "version": "2021.2.20AB",
        "code": "Z99.89",
        "display": "Dependence on other enabling machines and devices"
      }
    ]
  }
}