{
  "resourceType": "ValueSet",
  "id": "33681",
  "meta": {
    "lastUpdated": "2021-05-06T22:41:00.579-04:00"
  },
  "url": "http://cts.nlm.nih.gov/fhir/ValueSet/2.16.840.1.113883.3.464.1003.198.12.1070",
  "identifier": [
    {
      "value": "2.16.840.1.113883.3.464.1003.198.12.1070"
    }
  ],
  "version": "eCQM Update 2021-05-06",
  "name": "Status_Post_Right_Mastectomy_eCQM",
  "title": "Status Post Right Mastectomy eCQM",
  "status": "active",
  "expansion": {
    "timestamp": "2021-05-07T20:58:14-04:00",
    "total": 3,
    "offset": 0,
    "contains": [
      {
        "system": "http://snomed.info/sct",
        "version": "2020.09.20AA",
        "code": "137681000119108",
        "display": "History of prophylactic mastectomy of right breast"
      },
      {
        "system": "http://snomed.info/sct",
        "version": "2020.09.20AA",
        "code": "429242008",
        "display": "History of right mastectomy"
      },
      {
        "system": "http://hl7.org/fhir/sid/icd-10-cm",
        "version": "2021.2.20AB",
        "code": "Z90.11",
        "display": "Acquired absence of right breast and nipple"
      }
    ]
  }
}