{
  "resourceType": "Bundle",
  "id": "Bundle-17",
  "entry": [
    {
      "resource": {
        "resourceType": "Patient",
        "id": "Patient-17",
        "name": [
          {
            "given": [
              "HospiceCareAmbulatoryB4MP"
            ],
            "family": "DenexFail"
          }
        ],
        "birthDate": "1967-01-01",
        "gender": "female"
      }
    },
    {
      "resource": {
        "resourceType": "Encounter",
        "id": "Encounter-17-92",
        "subject": {
          "reference": "Patient/Patient-17"
        },
        "period": {
          "start": "2019-01-01T00:00:00.000Z",
          "end": "2019-12-31T23:59:59.000Z"
        },
        "type": [
          {
            "coding": [
              {
                "code": "30346009",
                "system": "http://snomed.info/sct",
                "version": "2017.09.20AA"
              }
            ]
          }
        ],
        "status": "finished"
      }
    },
    {
      "resource": {
        "resourceType": "Procedure",
        "id": "Procedure-17-93",
        "subject": {
          "reference": "Patient/Patient-17"
        },
        "performedDateTime": "2018-12-31T23:59:59.000Z",
        "status": "completed",
        "code": {
          "coding": [
            {
              "code": "385763009",
              "system": "http://snomed.info/sct",
              "version": "2017.09.20AA"
            }
          ]
        }
      }
    }
  ]
}