{
  "resourceType": "Bundle",
  "id": "Bundle-7",
  "entry": [
    {
      "resource": {
        "resourceType": "Patient",
        "id": "Patient-7",
        "name": [
          {
            "given": [
              "Patient51StartOfMP"
            ],
            "family": "IPPass"
          }
        ],
        "birthDate": "1968-01-01",
        "gender": "female"
      }
    },
    {
      "resource": {
        "resourceType": "Encounter",
        "id": "Encounter-7-92",
        "subject": {
          "reference": "Patient/Patient-7"
        },
        "period": {
          "start": "2019-01-01T00:00:00.000Z",
          "end": "2019-12-31T23:59:59.000Z"
        },
        "type": [
          {
            "coding": [
              {
                "code": "30346009",
                "system": "http://snomed.info/sct",
                "version": "2017.09.20AA"
              }
            ]
          }
        ],
        "status": "finished"
      }
    }
  ]
}