{
  "resourceType": "Bundle",
  "id": "Bundle-68",
  "entry": [
    {
      "resource": {
        "resourceType": "Patient",
        "id": "Patient-68",
        "name": [
          {
            "given": [
              "FACITPalPeriodDuringMP"
            ],
            "family": "DenexPass"
          }
        ],
        "birthDate": "1967-01-01",
        "gender": "female"
      }
    },
    {
      "resource": {
        "resourceType": "Encounter",
        "id": "Encounter-68-92",
        "subject": {
          "reference": "Patient/Patient-68"
        },
        "period": {
          "start": "2019-01-01T00:00:00.000Z",
          "end": "2019-12-31T23:59:59.000Z"
        },
        "type": [
          {
            "coding": [
              {
                "code": "30346009",
                "system": "http://snomed.info/sct",
                "version": "2017.09.20AA"
              }
            ]
          }
        ],
        "status": "finished"
      }
    },
    {
      "resource": {
        "resourceType": "Observation",
        "id": "Observation-68-93",
        "subject": {
          "reference": "Patient/Patient-68"
        },
        "effectivePeriod": {
          "start": "2019-02-01T00:00:00.000Z",
          "end": "2019-02-02T00:00:00.000Z"
        },
        "status": "final",
        "code": {
          "coding": [
            {
              "code": "71007-9",
              "system": "http://loinc.org"
            }
          ]
        }
      }
    }
  ]
}