{
  "resourceType": "Bundle",
  "id": "Bundle-35",
  "entry": [
    {
      "resource": {
        "resourceType": "Patient",
        "id": "Patient-35",
        "name": [
          {
            "given": [
              "HistoryOfBilateralMastectomyNoStartDateNoStatus"
            ],
            "family": "DenexFail"
          }
        ],
        "birthDate": "1967-01-01",
        "gender": "female"
      }
    },
    {
      "resource": {
        "resourceType": "Encounter",
        "id": "Encounter-35-92",
        "subject": {
          "reference": "Patient/Patient-35"
        },
        "period": {
          "start": "2019-01-01T00:00:00.000Z",
          "end": "2019-12-31T23:59:59.000Z"
        },
        "type": [
          {
            "coding": [
              {
                "code": "30346009",
                "system": "http://snomed.info/sct",
                "version": "2017.09.20AA"
              }
            ]
          }
        ],
        "status": "finished"
      }
    },
    {
      "resource": {
        "resourceType": "Condition",
        "id": "Condition-35-93",
        "clinicalStatus": {
          "coding": [
            {
              "system": "http://terminology.hl7.org/CodeSystem/condition-clinical",
              "code": "active"
            }
          ]
        },
        "subject": {
          "reference": "Patient/Patient-35"
        },
        "abatementDateTime": "2019-12-31T23:59:59.000Z",
        "code": {
          "coding": [
            {
              "code": "428529004",
              "system": "http://snomed.info/sct",
              "version": "2017.09.20AA"
            }
          ]
        }
      }
    }
  ]
}