{
  "resourceType": "Bundle",
  "id": "Bundle-46",
  "entry": [
    {
      "resource": {
        "resourceType": "Patient",
        "id": "Patient-46",
        "name": [
          {
            "given": [
              "FrailtyEncounterEndsB4MPNoStatus"
            ],
            "family": "DenexFail"
          }
        ],
        "birthDate": "1953-01-01",
        "gender": "female"
      }
    },
    {
      "resource": {
        "resourceType": "Encounter",
        "id": "Encounter-46-92",
        "subject": {
          "reference": "Patient/Patient-46"
        },
        "period": {
          "start": "2019-01-01T00:00:00.000Z",
          "end": "2019-12-31T23:59:59.000Z"
        },
        "type": [
          {
            "coding": [
              {
                "code": "30346009",
                "system": "http://snomed.info/sct",
                "version": "2017.09.20AA"
              }
            ]
          }
        ],
        "status": "finished"
      }
    },
    {
      "resource": {
        "resourceType": "Encounter",
        "id": "Encounter-46-93",
        "subject": {
          "reference": "Patient/Patient-46"
        },
        "period": {
          "start": "2018-12-31T00:00:00.000Z",
          "end": "2018-12-31T23:59:59.000Z"
        },
        "type": [
          {
            "coding": [
              {
                "code": "99509",
                "system": "http://www.ama-assn.org/go/cpt",
                "version": "2018.2.20AB"
              }
            ]
          }
        ]
      }
    },
    {
      "resource": {
        "resourceType": "MedicationDispense",
        "id": "MedicationDispense-46-94",
        "subject": {
          "reference": "Patient/Patient-46"
        },
        "whenHandedOver": "2018-01-01T00:00:00.000Z",
        "medicationCodeableConcept": {
          "coding": [
            {
              "code": "1599805",
              "system": "http://www.nlm.nih.gov/research/umls/rxnorm"
            }
          ]
        }
      }
    }
  ]
}