{
  "resourceType": "Bundle",
  "id": "Bundle-13",
  "entry": [
    {
      "resource": {
        "resourceType": "Patient",
        "id": "Patient-13",
        "name": [
          {
            "given": [
              "OfficeVisitAfterMP"
            ],
            "family": "IPFail"
          }
        ],
        "birthDate": "1967-01-01",
        "gender": "female"
      }
    },
    {
      "resource": {
        "resourceType": "Encounter",
        "id": "Encounter-13-92",
        "subject": {
          "reference": "Patient/Patient-13"
        },
        "period": {
          "start": "2020-01-01T00:00:00.000Z",
          "end": "2020-01-01T00:00:00.000Z"
        },
        "status": "finished",
        "type": [
          {
            "coding": [
              {
                "code": "30346009",
                "system": "http://snomed.info/sct",
                "version": "2017.09.20AA"
              }
            ]
          }
        ]
      }
    }
  ]
}