{
  "resourceType": "Bundle",
  "id": "Bundle-79",
  "entry": [
    {
      "resource": {
        "resourceType": "Patient",
        "id": "Patient-79",
        "name": [
          {
            "given": [
              "MammographyDiagnosticReportEndsAfterPeriod"
            ],
            "family": "NumFail"
          }
        ],
        "birthDate": "1967-01-01",
        "gender": "female"
      }
    },
    {
      "resource": {
        "resourceType": "Encounter",
        "id": "Encounter-79-92",
        "subject": {
          "reference": "Patient/Patient-79"
        },
        "period": {
          "start": "2019-01-01T00:00:00.000Z",
          "end": "2019-12-31T23:59:59.000Z"
        },
        "type": [
          {
            "coding": [
              {
                "code": "30346009",
                "system": "http://snomed.info/sct",
                "version": "2017.09.20AA"
              }
            ]
          }
        ],
        "status": "finished"
      }
    },
    {
      "resource": {
        "resourceType": "DiagnosticReport",
        "id": "DiagnosticReport-79-93",
        "subject": {
          "reference": "Patient/Patient-79"
        },
        "effectivePeriod": {
          "start": "2020-01-01T00:00:00.000Z",
          "end": "2020-01-01T00:00:00.000Z"
        },
        "status": "final",
        "code": {
          "coding": [
            {
              "code": "72139-9",
              "system": "http://loinc.org",
              "version": "2.69.20AB"
            }
          ]
        }
      }
    }
  ]
}