{
  "resourceType": "Bundle",
  "id": "Bundle-40",
  "entry": [
    {
      "resource": {
        "resourceType": "Patient",
        "id": "Patient-40",
        "name": [
          {
            "given": [
              "FrailtyDeviceRequestB4MP"
            ],
            "family": "DenexFail"
          }
        ],
        "birthDate": "1953-01-01",
        "gender": "female"
      }
    },
    {
      "resource": {
        "resourceType": "Encounter",
        "id": "Encounter-40-92",
        "subject": {
          "reference": "Patient/Patient-40"
        },
        "period": {
          "start": "2019-01-01T00:00:00.000Z",
          "end": "2019-12-31T23:59:59.000Z"
        },
        "type": [
          {
            "coding": [
              {
                "code": "30346009",
                "system": "http://snomed.info/sct",
                "version": "2017.09.20AA"
              }
            ]
          }
        ],
        "status": "finished"
      }
    },
    {
      "resource": {
        "resourceType": "DeviceRequest",
        "id": "DeviceRequest-40-93",
        "subject": {
          "reference": "Patient/Patient-40"
        },
        "authoredOn": "2018-12-31T23:59:59.000Z",
        "codeCodeableConcept": {
          "coding": [
            {
              "code": "469860004",
              "system": "http://snomed.info/sct",
              "version": "2017.09.20AA"
            }
          ]
        }
      }
    },
    {
      "resource": {
        "resourceType": "MedicationDispense",
        "id": "MedicationDispense-40-94",
        "subject": {
          "reference": "Patient/Patient-40"
        },
        "whenHandedOver": "2018-01-01T00:00:00.000Z",
        "medicationCodeableConcept": {
          "coding": [
            {
              "code": "1599805",
              "system": "http://www.nlm.nih.gov/research/umls/rxnorm"
            }
          ]
        }
      }
    }
  ]
}